titulo,rating,price,link
Microsoft Xbox Series X 1tb Standard Color  Negro Nueva Negro,N/A,3.499.000,https://www.mercadolibre.com.co/microsoft-xbox-series-x-1tb-standard-color--negro-nueva/up/MCOU2477182998#polycard_client=search-desktop&search_layout=grid&position=1&type=product&tracking_id=983bc096-2584-4a23-878f-3cd94046b8ab&wid=MCO1277174189&sid=search
Consola Xbox Series S Edición Digital 1tb Ssd Robot White Blanco,N/A,2.459.999,https://www.mercadolibre.com.co/consola-xbox-series-s-edicion-digital-1tb-ssd-robot-white-blanco/p/MCO40176492#polycard_client=search-desktop&search_layout=grid&position=2&type=product&tracking_id=983bc096-2584-4a23-878f-3cd94046b8ab&wid=MCO1547678419&sid=search
Microsoft Xbox Series S White 1tb Blanco,N/A,3.299.000,https://www.mercadolibre.com.co/microsoft-xbox-series-s-white-1tb/up/MCOU3283611298#polycard_client=search-desktop&search_layout=grid&position=3&type=product&tracking_id=983bc096-2584-4a23-878f-3cd94046b8ab&wid=MCO2939379548&sid=search
Consola Portable Rog Xbox Ally Blanco 512gb Rizen Z2 16gb Bl Blanco,N/A,3.149.990,https://www.mercadolibre.com.co/consola-portable-rog-xbox-ally-blanco-512gb-rizen-z2-16gb-bl/up/MCOU3686170266#polycard_client=search-desktop&search_layout=grid&position=4&type=product&tracking_id=983bc096-2584-4a23-878f-3cd94046b8ab&wid=MCO1765546333&sid=search
Consola Microsoft Xbox Series S 1tb Color Blanco Blanco,N/A,2.399.000,https://www.mercadolibre.com.co/consola-microsoft-xbox-series-s-1tb-color-blanco/up/MCOU3277849363#polycard_client=search-desktop&search_layout=grid&position=5&type=product&tracking_id=983bc096-2584-4a23-878f-3cd94046b8ab&wid=MCO2939379616&sid=search
Consola Xbox Series S Standard 512gb Color Blanco Blanco,N/A,1.919.900,https://www.mercadolibre.com.co/consola-xbox-series-s-standard-512gb-color-blanco/up/MCOU3514886232#polycard_client=search-desktop&search_layout=grid&position=6&type=product&tracking_id=983bc096-2584-4a23-878f-3cd94046b8ab&wid=MCO3236344864&sid=search
Microsoft Xbox Series S 512 GB Estándar Color Blanco,N/A,1.555.141,https://www.mercadolibre.com.co/microsoft-xbox-series-s-512-gb-estandar-color-blanco/p/MCO54145150#polycard_client=search-desktop&search_layout=grid&position=7&type=product&tracking_id=983bc096-2584-4a23-878f-3cd94046b8ab&wid=MCO1835063961&sid=search
Xbox Series X 1tb Refurbished Digital Microsoft Blanco (Reacondicionado),N/A,2.930.000,https://www.mercadolibre.com.co/xbox-series-x-1tb-refurbished-digital-microsoft/up/MCOU3521303818#polycard_client=search-desktop&search_layout=grid&position=8&type=product&tracking_id=983bc096-2584-4a23-878f-3cd94046b8ab&wid=MCO3247001828&sid=search
Consola De Videojuegos Open Box Xbox Series X De 1 Tb Negro,N/A,3.699.990,https://www.mercadolibre.com.co/consola-de-videojuegos-open-box-xbox-series-x-de-1-tb/up/MCOU3387032137#polycard_client=search-desktop&search_layout=grid&position=9&type=product&tracking_id=983bc096-2584-4a23-878f-3cd94046b8ab&wid=MCO3084394918&sid=search
Xbox 360 100% Original 2 Controles,N/A,899.999,https://articulo.mercadolibre.com.co/MCO-1834724373-xbox-360-100-original-2-controles-_JM#polycard_client=search-desktop&search_layout=grid&position=10&type=item&tracking_id=983bc096-2584-4a23-878f-3cd94046b8ab&wid=MCO1834724373&sid=search
Consola Portátil Para Juegos Asus Rog Xbox Ally 7  1080p 120,N/A,3.518.967,https://www.mercadolibre.com.co/consola-portatil-asus-rog-ally-7-integracian-xbox/p/MCO2055198179#polycard_client=search-desktop&search_layout=grid&position=11&type=product&tracking_id=983bc096-2584-4a23-878f-3cd94046b8ab&wid=MCO1794566381&sid=search
Consola Asus Rog Ally Xbox Z2 A /16 / 512gb Blanco Rc73ya Blanco,N/A,3.099.000,https://www.mercadolibre.com.co/consola-asus-rog-ally-xbox-z2-a-16--512gb-blanco-rc73ya/up/MCOU3808295240#polycard_client=search-desktop&search_layout=grid&position=12&type=product&tracking_id=983bc096-2584-4a23-878f-3cd94046b8ab&wid=MCO1836646809&sid=search
Microsoft Xbox Series S 512gb Standard Color   Blanco,N/A,1.861.286,https://www.mercadolibre.com.co/microsoft-xbox-series-s-512gb-standard-color/up/MCOU2394817356#polycard_client=search-desktop&search_layout=grid&position=13&type=product&tracking_id=983bc096-2584-4a23-878f-3cd94046b8ab&wid=MCO1013416530&sid=search
Consola Xbox Series S Standard 512gb Color Blanco Blanco,N/A,2.890.000,https://www.mercadolibre.com.co/consola-xbox-series-s-standard-512gb-color-blanco/up/MCOU2491330482#polycard_client=search-desktop&search_layout=grid&position=14&type=product&tracking_id=983bc096-2584-4a23-878f-3cd94046b8ab&wid=MCO1403006051&sid=search
Soporte Pared Xbox One Fat + 2 Controles (base) Negro, 4.9 | +50 vendidos,72.500,https://www.mercadolibre.com.co/soporte-pared-xbox-one-fat--2-controles-base/up/MCOU2435056728#polycard_client=search-desktop&search_layout=grid&position=15&type=product&tracking_id=983bc096-2584-4a23-878f-3cd94046b8ab&wid=MCO610045156&sid=search
Xbox 360 Sin Microfonos,N/A,597.000,https://articulo.mercadolibre.com.co/MCO-3596961748-xbox-360-sin-microfonos-_JM#polycard_client=search-desktop&search_layout=grid&position=16&type=item&tracking_id=983bc096-2584-4a23-878f-3cd94046b8ab&wid=MCO3596961748&sid=search
Xiii: Edición Limitada (xb1) - Xbox One,N/A,325.111,https://www.mercadolibre.com.co/xiii-limited-edition-xbox-one/p/MCO2034231034#polycard_client=search-desktop&search_layout=grid&position=17&type=product&tracking_id=983bc096-2584-4a23-878f-3cd94046b8ab&wid=MCO2859277104&sid=search
Consola Xbox Series S de 512 gb (Nuevo con caja abierta),N/A,1.500.000,https://www.mercadolibre.com.co/consola-xbox-series-s-de-512-gb-nuevo-con-caja-abierta/p/MCO2023210610#polycard_client=search-desktop&search_layout=grid&position=18&type=product&tracking_id=983bc096-2584-4a23-878f-3cd94046b8ab&wid=&sid=search
Xbox One S 1tb (Nuevo con caja abierta),N/A,780.000,https://www.mercadolibre.com.co/xbox-one-s-1tb-nuevo-con-caja-abierta/p/MCO2023211762#polycard_client=search-desktop&search_layout=grid&position=19&type=product&tracking_id=983bc096-2584-4a23-878f-3cd94046b8ab&wid=&sid=search
Consola Xbox Series X De 1 Tb Y Mando,N/A,4.050.046,https://www.mercadolibre.com.co/gaming-console-microsoft-xbox-series-x-1tb-w-controller/p/MCO2063941589#polycard_client=search-desktop&search_layout=grid&position=20&type=product&tracking_id=983bc096-2584-4a23-878f-3cd94046b8ab&wid=MCO1802002225&sid=search
Consola Xbox Clásico Microsoft Con Hdmi Y Xbox Live Negro,N/A,370.000,https://www.mercadolibre.com.co/consola-xbox-clasico-microsoft-con-hdmi-y-xbox-live/up/MCOU2417893296#polycard_client=search-desktop&search_layout=grid&position=21&type=product&tracking_id=983bc096-2584-4a23-878f-3cd94046b8ab&wid=MCO1474674927&sid=search
Consola Xbox 360 5.0 + Disco 500gb + 2 Controles + Juegos,N/A,979.000,https://articulo.mercadolibre.com.co/MCO-1547712305-consola-xbox-360-50-disco-500gb-2-controles-juegos-_JM?searchVariation=197966381209#polycard_client=search-desktop&searchVariation=197966381209&search_layout=grid&position=22&type=item&tracking_id=983bc096-2584-4a23-878f-3cd94046b8ab
Edición Totalmente Cargada De Worms Rumble (xbox Series X),N/A,183.592,https://www.mercadolibre.com.co/worms-rumble-fully-loaded-edition-xbox-series-x/p/MCO2023454313#polycard_client=search-desktop&search_layout=grid&position=23&type=product&tracking_id=983bc096-2584-4a23-878f-3cd94046b8ab&wid=MCO1575482807&sid=search
"Consola Microsoft Xbox Series S 1tb Nueva, Color Blanco Blanco",N/A,2.999.990,https://www.mercadolibre.com.co/consola-microsoft-xbox-series-s-1tb-nueva-color-blanco/up/MCOU3815562978#polycard_client=search-desktop&search_layout=grid&position=24&type=product&tracking_id=983bc096-2584-4a23-878f-3cd94046b8ab&wid=MCO3601646528&sid=search
Xbox One Standard Color Negro + Garantia + 1 Juego Negro (Reacondicionado),N/A,999.900,https://www.mercadolibre.com.co/xbox-one-standard-color-negro--garantia--1-juego/up/MCOU3705550696#polycard_client=search-desktop&search_layout=grid&position=25&type=product&tracking_id=983bc096-2584-4a23-878f-3cd94046b8ab&wid=MCO3452142928&sid=search
Nhl 22 - Xbox Serie X,N/A,172.117,https://www.mercadolibre.com.co/nhl-22-xbox-one/p/MCO2063385386#polycard_client=search-desktop&search_layout=grid&position=26&type=product&tracking_id=983bc096-2584-4a23-878f-3cd94046b8ab&wid=MCO2859233172&sid=search
Consola Konami Edens Zero Edición Día Uno Xbox Series X,N/A,297.610,https://www.mercadolibre.com.co/console-konami-edens-zero-day-one-edition-xbox-series-x/p/MCO2062010596#polycard_client=search-desktop&search_layout=grid&position=27&type=product&tracking_id=983bc096-2584-4a23-878f-3cd94046b8ab&wid=MCO1818475461&sid=search
Xbox Series X 1tb Refurbished Lector Microsoft Negro (Reacondicionado),N/A,3.285.000,https://www.mercadolibre.com.co/xbox-series-x-1tb-refurbished-lector-microsoft/up/MCOU3514182191#polycard_client=search-desktop&search_layout=grid&position=28&type=product&tracking_id=983bc096-2584-4a23-878f-3cd94046b8ab&wid=MCO3246937416&sid=search
Microsoft Xbox Series S White 1tb Blanco, 5.0 | +25 vendidos,2.999.000,https://www.mercadolibre.com.co/microsoft-xbox-series-s-white-1tb/up/MCOU2806115603#polycard_client=search-desktop&search_layout=grid&position=29&type=product&tracking_id=983bc096-2584-4a23-878f-3cd94046b8ab&wid=MCO1507316719&sid=search
"Consola Xbox Microsoft, Series S, de 512gb, digital, color blanco. (Nuevo con caja abierta)",N/A,1.800.000,https://www.mercadolibre.com.co/consola-xbox-microsoft-series-s-de-512gb-digital-color-blanco-nuevo-con-caja-abierta/p/MCO2022624857#polycard_client=search-desktop&search_layout=grid&position=30&type=product&tracking_id=983bc096-2584-4a23-878f-3cd94046b8ab&wid=MCO1843895089&sid=search
Soporte Base Repisa Xbox One Fat Luz Led  2 Sop Controles.  Blanco,N/A,159.900,https://www.mercadolibre.com.co/soporte-base-repisa-xbox-one-fat-luz-led--2-sop-controles/up/MCOU2432998266#polycard_client=search-desktop&search_layout=grid&position=31&type=product&tracking_id=983bc096-2584-4a23-878f-3cd94046b8ab&wid=MCO559293095&sid=search
Xbox 360 Ultra Slim Original + Control + 70 Juegos Negro (Reacondicionado),N/A,899.900,https://www.mercadolibre.com.co/xbox-360-ultra-slim-original--control--70-juegos/up/MCOU3704769583#polycard_client=search-desktop&search_layout=grid&position=32&type=product&tracking_id=983bc096-2584-4a23-878f-3cd94046b8ab&wid=MCO1790212383&sid=search
Nascar 08 Limited Edition (xbox 360),N/A,860.589,https://articulo.mercadolibre.com.co/MCO-2856447140-nascar-08-limited-edition-xbox-360-_JM#polycard_client=search-desktop&search_layout=grid&position=33&type=item&tracking_id=983bc096-2584-4a23-878f-3cd94046b8ab
Fifa 16 - Edición Deluxe - Xbox 360,N/A,172.117,https://articulo.mercadolibre.com.co/MCO-2859304130-fifa-16-edicion-deluxe-xbox-360-_JM#polycard_client=search-desktop&search_layout=grid&position=34&type=item&tracking_id=983bc096-2584-4a23-878f-3cd94046b8ab
Xbox Clásico 500gb Color Negro - Excelente (Reacondicionado),N/A,780.000,https://www.mercadolibre.com.co/xbox-clasico-500gb-color-negro-excelente-reacondicionado/p/MCO2014110724#polycard_client=search-desktop&search_layout=grid&position=35&type=product&tracking_id=983bc096-2584-4a23-878f-3cd94046b8ab&wid=MCO1847419155&sid=search
Microsoft Xbox One 500gb (Nuevo con caja abierta),N/A,930.000,https://www.mercadolibre.com.co/microsoft-xbox-one-500gb-nuevo-con-caja-abierta/p/MCO2022623513#polycard_client=search-desktop&search_layout=grid&position=36&type=product&tracking_id=983bc096-2584-4a23-878f-3cd94046b8ab&wid=MCO3701796492&sid=search
Pack Sega Sonic Colours Ultimate Para Xbox One - Diversin Si,N/A,283.038,https://articulo.mercadolibre.com.co/MCO-2831161678-pack-sega-sonic-colours-ultimate-para-xbox-one-diversin-si-_JM#polycard_client=search-desktop&search_layout=grid&position=37&type=item&tracking_id=983bc096-2584-4a23-878f-3cd94046b8ab
Ride 5 - Xbox Serie X,N/A,336.585,https://articulo.mercadolibre.com.co/MCO-1575482697-ride-5-xbox-serie-x-_JM#polycard_client=search-desktop&search_layout=grid&position=38&type=item&tracking_id=983bc096-2584-4a23-878f-3cd94046b8ab
Elex Ii - Xbox Serie X,N/A,336.585,https://articulo.mercadolibre.com.co/MCO-2859236450-elex-ii-xbox-serie-x-_JM#polycard_client=search-desktop&search_layout=grid&position=39&type=item&tracking_id=983bc096-2584-4a23-878f-3cd94046b8ab
"Consola Xbox Microsoft, Series S De 512gb Color B Blanco",N/A,2.299.900,https://www.mercadolibre.com.co/consola-xbox-microsoft-series-s-de-512gb-color-b/up/MCOU3805733711#polycard_client=search-desktop&search_layout=grid&position=40&type=product&tracking_id=983bc096-2584-4a23-878f-3cd94046b8ab&wid=MCO3601646620&sid=search
Consola De Juegos Microsoft Xbox 360 E 500gb Con 2 Juegos,N/A,1.858.872,https://articulo.mercadolibre.com.co/MCO-1848587983-consola-de-juegos-microsoft-xbox-360-e-500gb-con-2-juegos-_JM#polycard_client=search-desktop&search_layout=grid&position=41&type=item&tracking_id=983bc096-2584-4a23-878f-3cd94046b8ab
. The Show 21 [xbox One],N/A,470.455,https://articulo.mercadolibre.com.co/MCO-1575441353--the-show-21-xbox-one-_JM#polycard_client=search-desktop&search_layout=grid&position=42&type=item&tracking_id=983bc096-2584-4a23-878f-3cd94046b8ab
Nhl 12 - Xbox 360,N/A,240.964,https://articulo.mercadolibre.com.co/MCO-2856558962-nhl-12-xbox-360-_JM#polycard_client=search-desktop&search_layout=grid&position=43&type=item&tracking_id=983bc096-2584-4a23-878f-3cd94046b8ab
Consola Konami Edens Zero Edición Día Uno Xbox Series X,N/A,255.269,https://articulo.mercadolibre.com.co/MCO-1818527397-consola-konami-edens-zero-edicion-dia-uno-xbox-series-x-_JM#polycard_client=search-desktop&search_layout=grid&position=44&type=item&tracking_id=983bc096-2584-4a23-878f-3cd94046b8ab
Nhl 11 - Xbox 360,N/A,191.242,https://articulo.mercadolibre.com.co/MCO-2856571924-nhl-11-xbox-360-_JM#polycard_client=search-desktop&search_layout=grid&position=45&type=item&tracking_id=983bc096-2584-4a23-878f-3cd94046b8ab
Xbox 1 Elex (es),N/A,283.038,https://articulo.mercadolibre.com.co/MCO-2859277486-xbox-1-elex-es-_JM#polycard_client=search-desktop&search_layout=grid&position=46&type=item&tracking_id=983bc096-2584-4a23-878f-3cd94046b8ab
Consola De Juegos Microsoft Xbox 360 E 500gb Con 2 Juegos,N/A,1.793.849,https://articulo.mercadolibre.com.co/MCO-1848626723-consola-de-juegos-microsoft-xbox-360-e-500gb-con-2-juegos-_JM#polycard_client=search-desktop&search_layout=grid&position=47&type=item&tracking_id=983bc096-2584-4a23-878f-3cd94046b8ab
Consola Xbox Series X Edición Digital 1tb Ssd Robot White Bl Blanco,N/A,2.849.900,https://www.mercadolibre.com.co/consola-xbox-series-x-edicion-digital-1tb-ssd-robot-white-bl/up/MCOU3767760595#polycard_client=search-desktop&search_layout=grid&position=48&type=product&tracking_id=983bc096-2584-4a23-878f-3cd94046b8ab&wid=MCO1824679449&sid=search
Xbox One Edición Especial De 500 Gb Reacondicionada,N/A,1.581.418,https://articulo.mercadolibre.com.co/MCO-3701016388-xbox-one-edicion-especial-de-500-gb-reacondicionada-_JM#polycard_client=search-desktop&search_layout=grid&position=1&type=item&tracking_id=346c15ef-9baa-4e24-bda9-f8ee51de4179
Microsoft Xbox One Fat 500gb + Control + Revision + Obsequio,N/A,749.900,https://articulo.mercadolibre.com.co/MCO-1560452753-microsoft-xbox-one-fat-500gb-control-revision-obsequio-_JM?searchVariation=190332837712#polycard_client=search-desktop&searchVariation=190332837712&search_layout=grid&position=2&type=item&tracking_id=346c15ef-9baa-4e24-bda9-f8ee51de4179
Consola Xbox One X Gold Rush De 1 Tb Reacondicionada,N/A,3.078.996,https://articulo.mercadolibre.com.co/MCO-3700873606-consola-xbox-one-x-gold-rush-de-1-tb-reacondicionada-_JM#polycard_client=search-desktop&search_layout=grid&position=3&type=item&tracking_id=346c15ef-9baa-4e24-bda9-f8ee51de4179
Xbox Serie S 512gb Color Blanco Blanco (Reacondicionado),N/A,1.599.000,https://www.mercadolibre.com.co/xbox-serie-s-512gb-color-blanco/up/MCOU3803983071#polycard_client=search-desktop&search_layout=grid&position=4&type=product&tracking_id=346c15ef-9baa-4e24-bda9-f8ee51de4179&wid=MCO1838634135&sid=search
Microsoft Xbox Series S White 1tb Ss - Blanco Blanco,N/A,2.449.900,https://www.mercadolibre.com.co/microsoft-xbox-series-s-white-1tb-ss--blanco/up/MCOU3812873632#polycard_client=search-desktop&search_layout=grid&position=5&type=product&tracking_id=346c15ef-9baa-4e24-bda9-f8ee51de4179&wid=MCO3598718214&sid=search
Xbox Series S: Consola Totalmente Digital De 512 Gb Y Mando,N/A,2.406.627,https://articulo.mercadolibre.com.co/MCO-1802106025-xbox-series-s-consola-totalmente-digital-de-512-gb-y-mando-_JM#polycard_client=search-desktop&search_layout=grid&position=6&type=item&tracking_id=346c15ef-9baa-4e24-bda9-f8ee51de4179
"Consola Microsoft Xbox Series S 1tb, Color Blanco Blanco",N/A,2.449.900,https://www.mercadolibre.com.co/consola-microsoft-xbox-series-s-1tb-color-blanco/up/MCOU3790987247#polycard_client=search-desktop&search_layout=grid&position=7&type=product&tracking_id=346c15ef-9baa-4e24-bda9-f8ee51de4179&wid=MCO1835436925&sid=search
"Mario 3d World De 32 Gb Para Wii U Deluxe, Reacondicionado",N/A,2.081.171,https://articulo.mercadolibre.com.co/MCO-3701480134-mario-3d-world-de-32-gb-para-wii-u-deluxe-reacondicionado-_JM#polycard_client=search-desktop&search_layout=grid&position=8&type=item&tracking_id=346c15ef-9baa-4e24-bda9-f8ee51de4179
Microsoft Xbox Serie S 512gb Color Blanco,N/A,1.250.000,https://articulo.mercadolibre.com.co/MCO-3602347130-microsoft-xbox-serie-s-512gb-color-blanco-_JM?searchVariation=190623845184#polycard_client=search-desktop&searchVariation=190623845184&search_layout=grid&position=9&type=item&tracking_id=346c15ef-9baa-4e24-bda9-f8ee51de4179
Consola Microsoft Xbox Series X 1tb Color Negro Negro,N/A,3.499.900,https://www.mercadolibre.com.co/consola-microsoft-xbox-series-x-1tb-color-negro/up/MCOU3815565940#polycard_client=search-desktop&search_layout=grid&position=10&type=product&tracking_id=346c15ef-9baa-4e24-bda9-f8ee51de4179&wid=MCO3601555906&sid=search
Consola Xbox Series S Standard 512gb Color Blanco Blanco,N/A,1.999.999,https://www.mercadolibre.com.co/consola-xbox-series-s-standard-512gb-color-blanco/up/MCOU3626410981#polycard_client=search-desktop&search_layout=grid&position=11&type=product&tracking_id=346c15ef-9baa-4e24-bda9-f8ee51de4179&wid=MCO3345554180&sid=search
Consola Xbox Series C8Y-00023 1TB Halo Infinite Limited Edition color gris 2021 (Nuevo con caja abierta),N/A,4.600.000,https://www.mercadolibre.com.co/consola-xbox-series-c8y-00023-1tb-halo-infinite-limited-edition-color-gris-2021-nuevo-con-caja-abierta/p/MCO2023211604#polycard_client=search-desktop&search_layout=grid&position=12&type=product&tracking_id=346c15ef-9baa-4e24-bda9-f8ee51de4179&wid=&sid=search
Xbox Series S 512gb Ssd Color Blanco - Excelente (Reacondicionado),N/A,1.200.000,https://www.mercadolibre.com.co/xbox-series-s-512gb-ssd-color-blanco-excelente-reacondicionado/p/MCO2014114188#polycard_client=search-desktop&search_layout=grid&position=13&type=product&tracking_id=346c15ef-9baa-4e24-bda9-f8ee51de4179&wid=&sid=search
Consola Xbox Serie X Color Negro 1 Tb Negro (Reacondicionado),N/A,2.899.900,https://www.mercadolibre.com.co/consola-xbox-serie-x-color-negro-1-tb/up/MCOU3804227499#polycard_client=search-desktop&search_layout=grid&position=14&type=product&tracking_id=346c15ef-9baa-4e24-bda9-f8ee51de4179&wid=MCO1838752861&sid=search
Microsoft Xbox Serie S 512gb Color blanco - Excelente (Reacondicionado),N/A,1.695.000,https://www.mercadolibre.com.co/microsoft-xbox-serie-s-512gb-color-blanco-excelente-reacondicionado/p/MCO2013745751#polycard_client=search-desktop&search_layout=grid&position=15&type=product&tracking_id=346c15ef-9baa-4e24-bda9-f8ee51de4179&wid=&sid=search
Consola Portátil Asus Rog Ally Xbox 512gb Blanco Wi-fi,N/A,2.704.330,https://articulo.mercadolibre.com.co/MCO-1843470387-consola-portatil-asus-rog-ally-xbox-512gb-blanco-wi-fi-_JM?searchVariation=190777149300#polycard_client=search-desktop&searchVariation=190777149300&search_layout=grid&position=16&type=item&tracking_id=346c15ef-9baa-4e24-bda9-f8ee51de4179
Xbox 360 Slim Programada Chipiada 5.0 Lee Copias Matte Black,N/A,749.000,https://www.mercadolibre.com.co/xbox-360-slim-programada-chipiada-50-lee-copias/up/MCOU3647580252#polycard_client=search-desktop&search_layout=grid&position=17&type=product&tracking_id=346c15ef-9baa-4e24-bda9-f8ee51de4179&wid=MCO1749776867&sid=search
Xbox One S 1tb - Excelente (Reacondicionado),N/A,999.000,https://www.mercadolibre.com.co/xbox-one-s-1tb-excelente-reacondicionado/p/MCO2014102742#polycard_client=search-desktop&search_layout=grid&position=18&type=product&tracking_id=346c15ef-9baa-4e24-bda9-f8ee51de4179&wid=&sid=search
Gaming Console Microsoft Newxbox Series S 512gb Ssd White,N/A,2.512.919,https://www.mercadolibre.com.co/gaming-console-microsoft-newxbox-series-s-512gb-ssd-white/p/MCO2062539526#polycard_client=search-desktop&search_layout=grid&position=19&type=product&tracking_id=346c15ef-9baa-4e24-bda9-f8ee51de4179&wid=&sid=search
X Box Series X Galaxy 2tb,N/A,5.000.000,https://articulo.mercadolibre.com.co/MCO-2905506660-x-box-series-x-galaxy-2tb-_JM?searchVariation=188450165069#polycard_client=search-desktop&searchVariation=188450165069&search_layout=grid&position=20&type=item&tracking_id=346c15ef-9baa-4e24-bda9-f8ee51de4179
MicrosoftXbox One S 1TB Standard color blanco 2023, 5.0 | +500 vendidos,1.500.000,https://www.mercadolibre.com.co/microsoftxbox-one-s-1tb-standard-color-blanco-2023/p/MCO14114827#polycard_client=search-desktop&search_layout=grid&position=21&type=product&tracking_id=346c15ef-9baa-4e24-bda9-f8ee51de4179&wid=&sid=search
MicrosoftXbox 360 Slim 250GB Forza Motorsport 3/Alan Wake color negro brillante,N/A,900.000,https://www.mercadolibre.com.co/microsoftxbox-360-slim-250gb-forza-motorsport-3alan-wake-color-negro-brillante/p/MCO6311944#polycard_client=search-desktop&search_layout=grid&position=22&type=product&tracking_id=346c15ef-9baa-4e24-bda9-f8ee51de4179&wid=&sid=search
Xbox One S 1tb Con Control Blanco,N/A,1.229.000,https://www.mercadolibre.com.co/xbox-one-s-1tb-con-control/up/MCOU2962862104#polycard_client=search-desktop&search_layout=grid&position=23&type=product&tracking_id=346c15ef-9baa-4e24-bda9-f8ee51de4179&wid=MCO1530322745&sid=search
"Consola Xbox One S 1tb Game Pass 3 Meses + Live 3 Meses, (Nuevo con caja abierta)",N/A,1.300.000,https://www.mercadolibre.com.co/consola-xbox-one-s-1tb-game-pass-3-meses-live-3-meses-nuevo-con-caja-abierta/p/MCO2023210500#polycard_client=search-desktop&search_layout=grid&position=24&type=product&tracking_id=346c15ef-9baa-4e24-bda9-f8ee51de4179&wid=&sid=search
Consola Xbox Series S De 512gb. Color Blanco. Color Blanco,N/A,1.450.000,https://articulo.mercadolibre.com.co/MCO-1838831773-consola-xbox-series-s-de-512gb-color-blanco-color-blanco-_JM?searchVariation=190585077072#polycard_client=search-desktop&searchVariation=190585077072&search_layout=grid&position=25&type=item&tracking_id=346c15ef-9baa-4e24-bda9-f8ee51de4179
Xbox One S 1tb All-digital Edition Color Blanco,N/A,1.000.000,https://articulo.mercadolibre.com.co/MCO-3564941558-xbox-one-s-1tb-all-digital-edition-color-blanco-_JM?searchVariation=197114651291#polycard_client=search-desktop&searchVariation=197114651291&search_layout=grid&position=26&type=item&tracking_id=346c15ef-9baa-4e24-bda9-f8ee51de4179
Microsoft xbox series s RRS-00145 512GB starter bundle color blanco 2023,N/A,1.815.000,https://www.mercadolibre.com.co/microsoft-xbox-series-s-rrs-00145-512gb-starter-bundle-color-blanco-2023/p/MCO37332885#polycard_client=search-desktop&search_layout=grid&position=27&type=product&tracking_id=346c15ef-9baa-4e24-bda9-f8ee51de4179&wid=&sid=search
Xbox One S  1tb + 11 Juegos Digitales,N/A,870.000,https://articulo.mercadolibre.com.co/MCO-3540014860-xbox-one-s-1tb-11-juegos-digitales-_JM?searchVariation=190154235722#polycard_client=search-desktop&searchVariation=190154235722&search_layout=grid&position=28&type=item&tracking_id=346c15ef-9baa-4e24-bda9-f8ee51de4179
Microsoft - Consola Xbox Series S 1tb All-digital - Blanco,N/A,2.910.703,https://www.mercadolibre.com.co/microsoft-consola-xbox-series-s-1tb-all-digital-blanco/p/MCO2057821361#polycard_client=search-desktop&search_layout=grid&position=29&type=product&tracking_id=346c15ef-9baa-4e24-bda9-f8ee51de4179&wid=&sid=search
Consola Xbox Series S De 512 Gb,N/A,1.850.000,https://articulo.mercadolibre.com.co/MCO-3489653924-consola-xbox-series-s-de-512-gb-_JM?searchVariation=189083152428#polycard_client=search-desktop&searchVariation=189083152428&search_layout=grid&position=30&type=item&tracking_id=346c15ef-9baa-4e24-bda9-f8ee51de4179
Consola Microsoft Xbox Series X Digital 1tb Color Blanco,N/A,3.309.000,https://www.mercadolibre.com.co/consola-microsoft-xbox-series-x-digital-1tb-color-blanco/p/MCO48931535#polycard_client=search-desktop&search_layout=grid&position=31&type=product&tracking_id=346c15ef-9baa-4e24-bda9-f8ee51de4179&wid=&sid=search
Producto Reacondicionado Consola Microsoft Xbox Series S -rm Color Blanco - Excelente (Reacondicionado),N/A,2.099.900,https://www.mercadolibre.com.co/producto-reacondicionado-consola-microsoft-xbox-series-s-rm-color-blanco-excelente-reacondicionado/p/MCO2013747477#polycard_client=search-desktop&search_layout=grid&position=32&type=product&tracking_id=346c15ef-9baa-4e24-bda9-f8ee51de4179&wid=&sid=search
Consola Xbox One S 1tb + Fifa 17 - Xbox One - Edición Bundle (Nuevo con caja abierta),N/A,1.200.000,https://www.mercadolibre.com.co/consola-xbox-one-s-1tb-fifa-17-xbox-one-edicion-bundle-nuevo-con-caja-abierta/p/MCO2023212376#polycard_client=search-desktop&search_layout=grid&position=33&type=product&tracking_id=346c15ef-9baa-4e24-bda9-f8ee51de4179&wid=&sid=search
Consola Xbox Series X + Forza Horizon 5 Bundle Negro,N/A,3.000.000,https://www.mercadolibre.com.co/consola-xbox-series-x-forza-horizon-5-bundle-negro/p/MCO23619462#polycard_client=search-desktop&search_layout=grid&position=34&type=product&tracking_id=346c15ef-9baa-4e24-bda9-f8ee51de4179&wid=&sid=search
Xbox Series S 512 + Control Inalambrico Xbox Shock Blue Blanco (Nuevo con caja abierta),N/A,1.800.000,https://www.mercadolibre.com.co/xbox-series-s-512-control-inalambrico-xbox-shock-blue-blanco-nuevo-con-caja-abierta/p/MCO2053654176#polycard_client=search-desktop&search_layout=grid&position=35&type=product&tracking_id=346c15ef-9baa-4e24-bda9-f8ee51de4179&wid=&sid=search
Microsoft Xbox One S 1TB Fortnite color violeta 2016 - Excelente (Reacondicionado),N/A,999.900,https://www.mercadolibre.com.co/microsoft-xbox-one-s-1tb-fortnite-color-violeta-2016-excelente-reacondicionado/p/MCO2014105540#polycard_client=search-desktop&search_layout=grid&position=36&type=product&tracking_id=346c15ef-9baa-4e24-bda9-f8ee51de4179&wid=&sid=search
Xbox Clásico + Dd 250 + 120 J + Emuladores+ Cables Negro,N/A,499.900,https://www.mercadolibre.com.co/xbox-clasico--dd-250--120-j--emuladores-cables/up/MCOU3777724914#polycard_client=search-desktop&search_layout=grid&position=37&type=product&tracking_id=346c15ef-9baa-4e24-bda9-f8ee51de4179&wid=MCO3540932244&sid=search
Consola Xbox Series S 512gb Official Refurbished Microsoft Blanco (Nuevo con caja abierta),N/A,1.389.000,https://www.mercadolibre.com.co/consola-xbox-series-s-512gb-official-refurbished-microsoft-blanco-nuevo-con-caja-abierta/p/MCO2023209574#polycard_client=search-desktop&search_layout=grid&position=38&type=product&tracking_id=346c15ef-9baa-4e24-bda9-f8ee51de4179&wid=&sid=search
Consola Microsoft Xbox Series S RRS-00159 512GB Starter Bundle Color Blanco 2023,+25 vendidos,1.430.000,https://www.mercadolibre.com.co/consola-microsoft-xbox-series-s-rrs-00159-512gb-starter-bundle-color-blanco-2023/p/MCO37332888#polycard_client=search-desktop&search_layout=grid&position=39&type=product&tracking_id=346c15ef-9baa-4e24-bda9-f8ee51de4179&wid=&sid=search
MicrosoftXbox One 1TB Tom Clancy's The Division color negro (Nuevo con caja abierta),N/A,800.000,https://www.mercadolibre.com.co/microsoftxbox-one-1tb-tom-clancys-the-division-color-negro-nuevo-con-caja-abierta/p/MCO2022696049#polycard_client=search-desktop&search_layout=grid&position=40&type=product&tracking_id=346c15ef-9baa-4e24-bda9-f8ee51de4179&wid=&sid=search
Consola Portátil Lenovo Legion Go (Nuevo con caja abierta),N/A,3.100.000,https://www.mercadolibre.com.co/consola-portatil-lenovo-legion-go-nuevo-con-caja-abierta/p/MCO2023209148#polycard_client=search-desktop&search_layout=grid&position=41&type=product&tracking_id=346c15ef-9baa-4e24-bda9-f8ee51de4179&wid=&sid=search
Microsoft Xbox Series S White 1tb - Blanco - Excelente (Reacondicionado),N/A,1.499.000,https://www.mercadolibre.com.co/microsoft-xbox-series-s-white-1tb-blanco-excelente-reacondicionado/p/MCO2013747277#polycard_client=search-desktop&search_layout=grid&position=42&type=product&tracking_id=346c15ef-9baa-4e24-bda9-f8ee51de4179&wid=&sid=search
Xbox Series S Color Blanco/negro (Nuevo con caja abierta),N/A,1.450.000,https://www.mercadolibre.com.co/xbox-series-s-color-blanconegro-nuevo-con-caja-abierta/p/MCO2023214160#polycard_client=search-desktop&search_layout=grid&position=43&type=product&tracking_id=346c15ef-9baa-4e24-bda9-f8ee51de4179&wid=&sid=search
Microsoft Xbox Series X RRT-00001 1TB Standard Color Negro 2020,N/A,2.700.000,https://www.mercadolibre.com.co/microsoft-xbox-series-x-rrt-00001-1tb-standard-color-negro-2020/p/MCO37335901#polycard_client=search-desktop&search_layout=grid&position=44&type=product&tracking_id=346c15ef-9baa-4e24-bda9-f8ee51de4179&wid=&sid=search
Microsoft Xbox Serie S 512gb Color blanco (Nuevo con caja abierta),N/A,1.400.000,https://www.mercadolibre.com.co/microsoft-xbox-serie-s-512gb-color-blanco-nuevo-con-caja-abierta/p/MCO2023208258#polycard_client=search-desktop&search_layout=grid&position=45&type=product&tracking_id=346c15ef-9baa-4e24-bda9-f8ee51de4179&wid=&sid=search
Microsoft Xbox Serie S 512gb Color Blanco Blanco (Reacondicionado),N/A,1.599.900,https://www.mercadolibre.com.co/microsoft-xbox-serie-s-512gb-color-blanco/up/MCOU3813749818#polycard_client=search-desktop&search_layout=grid&position=46&type=product&tracking_id=346c15ef-9baa-4e24-bda9-f8ee51de4179&wid=MCO1838608003&sid=search
Xbox 360 Slim Kinect 1000 Gb 450j 2 Controles Siliconas + Negro (Reacondicionado),N/A,1.099.990,https://www.mercadolibre.com.co/xbox-360-slim-kinect-1000-gb-450j-2-controles-siliconas-/up/MCOU2428609267#polycard_client=search-desktop&search_layout=grid&position=47&type=product&tracking_id=346c15ef-9baa-4e24-bda9-f8ee51de4179&wid=MCO537141713&sid=search
Disco Duro De Consola De Juegos Xbox 360 Slim (250 G),N/A,95.697,https://www.mercadolibre.com.co/hard-drive-hdd-kit-game-console-disk-for-360-slim-precise/p/MCO2058079627#polycard_client=search-desktop&search_layout=grid&position=48&type=product&tracking_id=346c15ef-9baa-4e24-bda9-f8ee51de4179&wid=MCO3330241530&sid=search
Xbox 360 Slim Kinect 1000 Gb 450j 2 Controles Siliconas + Negro (Reacondicionado),N/A,1.099.990,https://www.mercadolibre.com.co/xbox-360-slim-kinect-1000-gb-450j-2-controles-siliconas-/up/MCOU2428609267#polycard_client=search-desktop&search_layout=grid&position=1&type=product&tracking_id=0c9f899a-967e-4946-b7b4-7d147ed155f4&wid=MCO537141713&sid=search
Disco Duro De Consola De Juegos Xbox 360 Slim (250 G),N/A,95.697,https://www.mercadolibre.com.co/hard-drive-hdd-kit-game-console-disk-for-360-slim-precise/p/MCO2058079627#polycard_client=search-desktop&search_layout=grid&position=2&type=product&tracking_id=0c9f899a-967e-4946-b7b4-7d147ed155f4&wid=MCO3330241530&sid=search
Controlador De Disco De Repuesto Para Consola De Juegos Host,N/A,222.490,https://www.mercadolibre.com.co/unidad-optica-integrada-dg6m5s01b-para-xbox-one-s/p/MCO2039427066#polycard_client=search-desktop&search_layout=grid&position=3&type=product&tracking_id=0c9f899a-967e-4946-b7b4-7d147ed155f4&wid=MCO3148380204&sid=search
Cargador Usb Para Controlador Inalámbrico Xbox 360 De Micros,N/A,29.642,https://www.mercadolibre.com.co/for-microsoft-for-xbox-360-wireless-controller-usb-charger/p/MCO2046564222#polycard_client=search-desktop&search_layout=grid&position=4&type=product&tracking_id=0c9f899a-967e-4946-b7b4-7d147ed155f4&wid=MCO1263071835&sid=search
Adaptador Convertidor De Ratón Y Teclado Para Ps4/xbox D,N/A,131.230,https://www.mercadolibre.com.co/gooddadaptador-convertidor-de-raton-y-teclado-para-ps4xbox-ones/p/MCO2057802131#polycard_client=search-desktop&search_layout=grid&position=5&type=product&tracking_id=0c9f899a-967e-4946-b7b4-7d147ed155f4&wid=MCO3543522276&sid=search
Tarjeta De Alimentación Universal Para Reparación De Placa C,N/A,50.908,https://www.mercadolibre.com.co/game-controller-board-gaming-power-board-repairing/p/MCO2031185242#polycard_client=search-desktop&search_layout=grid&position=6&type=product&tracking_id=0c9f899a-967e-4946-b7b4-7d147ed155f4&wid=MCO3119446290&sid=search
"Módulo Bluetooth, Cable De Antena, Tarjeta Wifi Para Xbox K",N/A,92.714,https://www.mercadolibre.com.co/modulo-bluetooth-cable-de-antena-tarjeta-wifi-para-xbox-k/p/MCO2058461563#polycard_client=search-desktop&search_layout=grid&position=7&type=product&tracking_id=0c9f899a-967e-4946-b7b4-7d147ed155f4&wid=MCO3406318992&sid=search
".. For Microsoft Xbox One Wifi Switch, Módulo De Encendido",N/A,37.674,https://www.mercadolibre.com.co/new-replacements-for-console-switch/p/MCO2045868088#polycard_client=search-desktop&search_layout=grid&position=8&type=product&tracking_id=0c9f899a-967e-4946-b7b4-7d147ed155f4&wid=MCO3202790450&sid=search
Consola Xbox Series S 512gb Blanco Standard Microsoft Blanco,N/A,1.980.000,https://www.mercadolibre.com.co/consola-xbox-series-s-512gb-blanco-standard-microsoft/up/MCOU3634100676#polycard_client=search-desktop&search_layout=grid&position=9&type=product&tracking_id=0c9f899a-967e-4946-b7b4-7d147ed155f4&wid=MCO3345338234&sid=search
Xbox Series S 512gb Ssd Color Blanco + Razer Wolverine V2,N/A,1.299.999,https://articulo.mercadolibre.com.co/MCO-1814337551-xbox-series-s-512gb-ssd-color-blanco-razer-wolverine-v2-_JM?searchVariation=196282335147#polycard_client=search-desktop&searchVariation=196282335147&search_layout=grid&position=10&type=item&tracking_id=0c9f899a-967e-4946-b7b4-7d147ed155f4
"Cubierta De Batería Weibo Para Xbox 360, Caja De Pilas Aa",N/A,11.665,https://articulo.mercadolibre.com.co/MCO-1844992541-cubierta-de-bateria-weibo-para-xbox-360-caja-de-pilas-aa-_JM?searchVariation=190881675244#polycard_client=search-desktop&searchVariation=190881675244&search_layout=grid&position=11&type=item&tracking_id=0c9f899a-967e-4946-b7b4-7d147ed155f4
"Filtro Para Consola, Tapón Anti-polvo Y Malla Protectora",N/A,19.621,https://articulo.mercadolibre.com.co/MCO-2986026690-filtro-para-consola-tapon-anti-polvo-y-malla-protectora-_JM?searchVariation=184535440832#polycard_client=search-desktop&searchVariation=184535440832&search_layout=grid&position=12&type=item&tracking_id=0c9f899a-967e-4946-b7b4-7d147ed155f4
Tapón Antipolvo Para Consola Con Filtro De Malla,N/A,19.621,https://articulo.mercadolibre.com.co/MCO-1663459011-tapon-antipolvo-para-consola-con-filtro-de-malla-_JM?searchVariation=190418817007#polycard_client=search-desktop&searchVariation=190418817007&search_layout=grid&position=13&type=item&tracking_id=0c9f899a-967e-4946-b7b4-7d147ed155f4
"Adaptador De Mando De Juego Strike Pack, Extensión Trasera P",N/A,39.510,https://articulo.mercadolibre.com.co/MCO-1847239681-adaptador-de-mando-de-juego-strike-pack-extension-trasera-p-_JM#polycard_client=search-desktop&search_layout=grid&position=14&type=item&tracking_id=0c9f899a-967e-4946-b7b4-7d147ed155f4
Consola Xbox Series S RRS-00049 512GB Holiday Bundle Color blanco 2022,N/A,1.500.000,https://www.mercadolibre.com.co/consola-xbox-series-s-rrs-00049-512gb-holiday-bundle-color-blanco-2022/p/MCO37321618#polycard_client=search-desktop&search_layout=grid&position=15&type=product&tracking_id=0c9f899a-967e-4946-b7b4-7d147ed155f4&wid=&sid=search
Consola Xbox One S 1 Tb + 2 Controles,N/A,1.275.000,https://articulo.mercadolibre.com.co/MCO-2848640926-consola-xbox-one-s-1-tb-2-controles-_JM?searchVariation=183358461418#polycard_client=search-desktop&searchVariation=183358461418&search_layout=grid&position=16&type=item&tracking_id=0c9f899a-967e-4946-b7b4-7d147ed155f4
Carcasa De Soporte Interno Con Marco Intermedio Diy Para Xbo,N/A,15.681,https://articulo.mercadolibre.com.co/MCO-1573588893-carcasa-de-soporte-interno-con-marco-intermedio-diy-para-xbo-_JM?searchVariation=187677238101#polycard_client=search-desktop&searchVariation=187677238101&search_layout=grid&position=17&type=item&tracking_id=0c9f899a-967e-4946-b7b4-7d147ed155f4
Xbox One S 1tb Color Blanco Blanco,N/A,1.179.000,https://www.mercadolibre.com.co/xbox-one-s-1tb-color-blanco/up/MCOU3634872917#polycard_client=search-desktop&search_layout=grid&position=18&type=product&tracking_id=0c9f899a-967e-4946-b7b4-7d147ed155f4&wid=MCO3353880340&sid=search
Consola Xbox One S 500 Gb + Fifa 17 - Xbox One - Edición Bundle,N/A,1.799.900,https://www.mercadolibre.com.co/consola-xbox-one-s-500-gb-fifa-17-xbox-one-edicion-bundle/p/MCO37290985#polycard_client=search-desktop&search_layout=grid&position=19&type=product&tracking_id=0c9f899a-967e-4946-b7b4-7d147ed155f4&wid=&sid=search
Xbox One S 500gb Blanca Pes 2018 Fact A B,N/A,1.350.000,https://www.mercadolibre.com.co/xbox-one-s-500gb-blanca-pes-2018-fact-a-b/p/MCO23690828#polycard_client=search-desktop&search_layout=grid&position=20&type=product&tracking_id=0c9f899a-967e-4946-b7b4-7d147ed155f4&wid=&sid=search
"Tapón Antipolvo Para Consola, Filtro De Malla, Conectores An",N/A,22.604,https://articulo.mercadolibre.com.co/MCO-2446413936-tapon-antipolvo-para-consola-filtro-de-malla-conectores-an-_JM#polycard_client=search-desktop&search_layout=grid&position=21&type=item&tracking_id=0c9f899a-967e-4946-b7b4-7d147ed155f4
Microsoft Xbox SeriesS RRS-00015 512GB Standard color robot white 2020,N/A,1.429.000,https://www.mercadolibre.com.co/microsoft-xbox-seriess-rrs-00015-512gb-standard-color-robot-white-2020/p/MCO37370992#polycard_client=search-desktop&search_layout=grid&position=22&type=product&tracking_id=0c9f899a-967e-4946-b7b4-7d147ed155f4&wid=&sid=search
Microsoft Xbox SeriesS RRS-00001 512GB Standard color robot white 2020,N/A,1.680.000,https://www.mercadolibre.com.co/microsoft-xbox-seriess-rrs-00001-512gb-standard-color-robot-white-2020/p/MCO37370996#polycard_client=search-desktop&search_layout=grid&position=23&type=product&tracking_id=0c9f899a-967e-4946-b7b4-7d147ed155f4&wid=&sid=search
Xbox 360 250gb Slim Console - (reacondicionado),N/A,750.000,https://www.mercadolibre.com.co/xbox-360-250gb-slim-console-reacondicionado/p/MCO2013747299#polycard_client=search-desktop&search_layout=grid&position=24&type=product&tracking_id=0c9f899a-967e-4946-b7b4-7d147ed155f4&wid=&sid=search
Consola Portátil Asus Rog Ally X Ryzen Ai Extreme 1tb 24gb Negro (Nuevo con caja abierta),N/A,4.000.000,https://www.mercadolibre.com.co/consola-portatil-asus-rog-ally-x-ryzen-ai-extreme-1tb-24gb-negro-nuevo-con-caja-abierta/p/MCO2046865138#polycard_client=search-desktop&search_layout=grid&position=25&type=product&tracking_id=0c9f899a-967e-4946-b7b4-7d147ed155f4&wid=&sid=search
MicrosoftXbox 360 Slim 1439 Standard color black 220v 2010,N/A,800.000,https://www.mercadolibre.com.co/microsoftxbox-360-slim-1439-standard-color-black-220v-2010/p/MCO37688584#polycard_client=search-desktop&search_layout=grid&position=26&type=product&tracking_id=0c9f899a-967e-4946-b7b4-7d147ed155f4&wid=MCO3706100700&sid=search
Combo Xbox Series X 1tb + Control Inalambrico Xbox Negro,N/A,3.750.000,https://www.mercadolibre.com.co/combo-xbox-series-x-1tb-control-inalambrico-xbox-negro/p/MCO35093730#polycard_client=search-desktop&search_layout=grid&position=27&type=product&tracking_id=0c9f899a-967e-4946-b7b4-7d147ed155f4&wid=MCO1828187895&sid=search
Microsoft Xbox One Standard Color Negro + Garantia + 1 Juego Negro (Reacondicionado),N/A,999.900,https://www.mercadolibre.com.co/microsoft-xbox-one-standard-color-negro--garantia--1-juego/up/MCOU3670021393#polycard_client=search-desktop&search_layout=grid&position=28&type=product&tracking_id=0c9f899a-967e-4946-b7b4-7d147ed155f4&wid=MCO3401275350&sid=search
Consola Xbox Series X Edición Especial Galaxy Black 2tb Ssd Negro (Nuevo con caja abierta),N/A,2.800.000,https://www.mercadolibre.com.co/consola-xbox-series-x-edicion-especial-galaxy-black-2tb-ssd-negro-nuevo-con-caja-abierta/p/MCO2023208268#polycard_client=search-desktop&search_layout=grid&position=29&type=product&tracking_id=0c9f899a-967e-4946-b7b4-7d147ed155f4&wid=&sid=search
Xbox 360 Super Slim Original Con Control Y Juegos Negro (Reacondicionado),N/A,899.900,https://www.mercadolibre.com.co/xbox-360-super-slim-original-con-control-y-juegos/up/MCOU3437952740#polycard_client=search-desktop&search_layout=grid&position=30&type=product&tracking_id=0c9f899a-967e-4946-b7b4-7d147ed155f4&wid=MCO1676844395&sid=search
Consola Xbox Series S - Holidays,N/A,1.600.000,https://www.mercadolibre.com.co/consola-xbox-series-s-holidays/p/MCO37159001#polycard_client=search-desktop&search_layout=grid&position=31&type=product&tracking_id=0c9f899a-967e-4946-b7b4-7d147ed155f4&wid=&sid=search
MicrosoftXbox Series S 512GB Fortnite y Rocket League Bundle color blanco 2022, 5.0 | +100 vendidos,6.453.990,https://www.mercadolibre.com.co/microsoftxbox-series-s-512gb-fortnite-y-rocket-league-bundle-color-blanco-2022/p/MCO18640623#polycard_client=search-desktop&search_layout=grid&position=32&type=product&tracking_id=0c9f899a-967e-4946-b7b4-7d147ed155f4&wid=MCO1197252447&sid=search
"Consola portátil ROG Xbox Ally de 7 pulgadas con pantalla táctil de 120 Hz, AMD Ryzen Z2A 2 GHz, 16 GB de RAM, SSD de 512 GB, Windows 11 Home, blanca, RC73YA-NH003W",N/A,2.945.000,https://www.mercadolibre.com.co/consola-portatil-rog-xbox-ally-de-7-pulgadas-con-pantalla-tactil-de-120-hz-amd-ryzen-z2a-2-ghz-16-gb-de-ram-ssd-de-512-gb-windows-11-home-blanca-rc73ya-nh003w/p/MCO62321219#polycard_client=search-desktop&search_layout=grid&position=33&type=product&tracking_id=0c9f899a-967e-4946-b7b4-7d147ed155f4&wid=MCO3597872494&sid=search
Microsoft Xbox Series X RRT-00001 1TB Standard Color Negro 2020 - Excelente (Reacondicionado),N/A,3.399.900,https://www.mercadolibre.com.co/microsoft-xbox-series-x-rrt-00001-1tb-standard-color-negro-2020-excelente-reacondicionado/p/MCO2013742951#polycard_client=search-desktop&search_layout=grid&position=34&type=product&tracking_id=0c9f899a-967e-4946-b7b4-7d147ed155f4&wid=MCO1702565789&sid=search
Consola Xbox Series X + 2 Controles - Excelente (Reacondicionado),N/A,3.500.000,https://www.mercadolibre.com.co/consola-xbox-series-x-2-controles-excelente-reacondicionado/p/MCO2037622322#polycard_client=search-desktop&search_layout=grid&position=35&type=product&tracking_id=0c9f899a-967e-4946-b7b4-7d147ed155f4&wid=MCO1722489359&sid=search
Xbox 360 Completo 1 Control 1 Kinect 200multijuegos Color Matte Black - Bueno (Reacondicionado),N/A,780.000,https://www.mercadolibre.com.co/xbox-360-completo-1-control-1-kinect-200multijuegos-color-matte-black-bueno-reacondicionado/p/MCO2013747989#polycard_client=search-desktop&search_layout=grid&position=36&type=product&tracking_id=0c9f899a-967e-4946-b7b4-7d147ed155f4&wid=MCO1739494539&sid=search
Consola estándar Xbox 360 Slim de 500 GB - Consola Rgh 3.0 - Bueno (Reacondicionado),N/A,750.000,https://www.mercadolibre.com.co/consola-estandar-xbox-360-slim-de-500-gb-consola-rgh-30-bueno-reacondicionado/p/MCO2014101784#polycard_client=search-desktop&search_layout=grid&position=37&type=product&tracking_id=0c9f899a-967e-4946-b7b4-7d147ed155f4&wid=MCO1802295977&sid=search
Consola Xbox One S 1 Tb + 2 Controles - Excelente (Reacondicionado),N/A,1.350.000,https://www.mercadolibre.com.co/consola-xbox-one-s-1-tb-2-controles-excelente-reacondicionado/p/MCO2014098680#polycard_client=search-desktop&search_layout=grid&position=38&type=product&tracking_id=0c9f899a-967e-4946-b7b4-7d147ed155f4&wid=MCO3058403264&sid=search
Consola Xbox Serie X Color Negro,+25 vendidos,3.540.000,https://www.mercadolibre.com.co/consola-xbox-serie-x-color-negro/p/MCO28560773#polycard_client=search-desktop&search_layout=grid&position=39&type=product&tracking_id=0c9f899a-967e-4946-b7b4-7d147ed155f4&wid=MCO3058415150&sid=search
Microsoft Xbox 360 E 250 GB Gb Color Negro - Excelente (Reacondicionado),N/A,980.000,https://www.mercadolibre.com.co/microsoft-xbox-360-e-250-gb-gb-color-negro-excelente-reacondicionado/p/MCO2013748079#polycard_client=search-desktop&search_layout=grid&position=40&type=product&tracking_id=0c9f899a-967e-4946-b7b4-7d147ed155f4&wid=MCO3313788794&sid=search
Microsoft Xbox One 500gb - Excelente (Reacondicionado),N/A,980.000,https://www.mercadolibre.com.co/microsoft-xbox-one-500gb-excelente-reacondicionado/p/MCO2013745281#polycard_client=search-desktop&search_layout=grid&position=41&type=product&tracking_id=0c9f899a-967e-4946-b7b4-7d147ed155f4&wid=MCO3313827950&sid=search
Xbox 360 Completo 1 Control 1 Kinect 200multijuegos Color Matte Black - Excelente (Reacondicionado),N/A,890.000,https://www.mercadolibre.com.co/xbox-360-completo-1-control-1-kinect-200multijuegos-color-matte-black-excelente-reacondicionado/p/MCO2013747987#polycard_client=search-desktop&search_layout=grid&position=42&type=product&tracking_id=0c9f899a-967e-4946-b7b4-7d147ed155f4&wid=MCO3313917472&sid=search
Xbox Clasico 2 Controles Halo 1 Y 2 Negro (Reacondicionado),N/A,450.000,https://www.mercadolibre.com.co/xbox-clasico-2-controles-halo-1-y-2/up/MCOU3125258947#polycard_client=search-desktop&search_layout=grid&position=43&type=product&tracking_id=0c9f899a-967e-4946-b7b4-7d147ed155f4&wid=MCO1569584779&sid=search
Xbox 360 Slim 2 Controles Garantia Negro (Reacondicionado),N/A,850.000,https://www.mercadolibre.com.co/xbox-360-slim-2-controles-garantia/up/MCOU3151858070#polycard_client=search-desktop&search_layout=grid&position=44&type=product&tracking_id=0c9f899a-967e-4946-b7b4-7d147ed155f4&wid=MCO1575045919&sid=search
Xbox 360 Slim Súper Combo 500gb Negro (Reacondicionado),N/A,890.000,https://www.mercadolibre.com.co/xbox-360-slim-super-combo-500gb/up/MCOU3184321576#polycard_client=search-desktop&search_layout=grid&position=45&type=product&tracking_id=0c9f899a-967e-4946-b7b4-7d147ed155f4&wid=MCO1584578123&sid=search
Xbox Series X Standard 1 Tb Negro Negro,N/A,3.500.000,https://www.mercadolibre.com.co/xbox-series-x-standard-1-tb-negro/up/MCOU3447177951#polycard_client=search-desktop&search_layout=grid&position=46&type=product&tracking_id=0c9f899a-967e-4946-b7b4-7d147ed155f4&wid=MCO1683430095&sid=search
Consola Xbox Series S 512 Gb Reacondicionada - Excelente (Reacondicionado),N/A,1.549.990,https://www.mercadolibre.com.co/consola-xbox-series-s-512-gb-reacondicionada-excelente-reacondicionado/p/MCO2014105812#polycard_client=search-desktop&search_layout=grid&position=47&type=product&tracking_id=0c9f899a-967e-4946-b7b4-7d147ed155f4&wid=&sid=search
(1set) Xbox360 Slim Case,N/A,133.525,https://www.mercadolibre.com.co/1set-xbox360-slim-case/p/MCO2063367871#polycard_client=search-desktop&search_layout=grid&position=48&type=product&tracking_id=0c9f899a-967e-4946-b7b4-7d147ed155f4&wid=&sid=search
